Num intranidal nodes,Num nodes,Max rupture risk (%),Num intranidal vessels,Injection location,Injection pressure (mmHg),Num vessels,Flow min (mL/min),Flow mean (mL/min),Flow max (mL/min),Pressure min (mmHg),Pressure mean (mmHg),Pressure max (mmHg),Resistance min (mmHg*min/mL),Resistance mean (mmHg*min/mL),Resistance max (mmHg*min/mL),Radius min (cm),Radius mean (cm),Radius max (cm),Length min (cm),Length mean (cm),Length max (cm),Num fistulous,Fistulous flow min (mL/min),Fistulous flow mean (mL/min),Fistulous flow max (mL/min),Fistulous pressure min (mmHg),Fistulous pressure mean (mmHg),Fistulous pressure max (mmHg),Fistulous resistance min (mmHg*min/mL),Fistulous resistance mean (mmHg*min/mL),Fistulous resistance max (mmHg*min/mL),Fistulous radius min (cm),Fistulous radius mean (cm),Fistulous radius max (cm),Fistulous length min (cm),Fistulous length mean (cm),Fistulous length max (cm),Num plexiform,Plexiform flow min (mL/min),Plexiform flow mean (mL/min),Plexiform flow max (mL/min),Plexiform pressure min (mmHg),Plexiform pressure mean (mmHg),Plexiform pressure max (mmHg),Plexiform resistance min (mmHg*min/mL),Plexiform resistance mean (mmHg*min/mL),Plexiform resistance max (mmHg*min/mL),Plexiform radius min (cm),Plexiform radius mean (cm),Plexiform radius max (cm),Plexiform length min (cm),Plexiform length mean (cm),Plexiform length max (cm),Num intranidal,Intranidal flow min (mL/min),Intranidal flow mean (mL/min),Intranidal flow max (mL/min),Intranidal pressure min (mmHg),Intranidal pressure mean (mmHg),Intranidal pressure max (mmHg),Intranidal resistance min (mmHg*min/mL),Intranidal resistance mean (mmHg*min/mL),Intranidal resistance max (mmHg*min/mL),Intranidal radius min (cm),Intranidal radius mean (cm),Intranidal radius max (cm),Intranidal length min (cm),Intranidal length mean (cm),Intranidal length max (cm),Num feeder,Feeder flow min (mL/min),Feeder flow mean (mL/min),Feeder flow max (mL/min),Feeder pressure min (mmHg),Feeder pressure mean (mmHg),Feeder pressure max (mmHg),Feeder resistance min (mmHg*min/mL),Feeder resistance mean (mmHg*min/mL),Feeder resistance max (mmHg*min/mL),Feeder radius min (cm),Feeder radius mean (cm),Feeder radius max (cm),Feeder length min (cm),Feeder length mean (cm),Feeder length max (cm),Num drainer,Drainer flow min (mL/min),Drainer flow mean (mL/min),Drainer flow max (mL/min),Drainer pressure min (mmHg),Drainer pressure mean (mmHg),Drainer pressure max (mmHg),Drainer resistance min (mmHg*min/mL),Drainer resistance mean (mmHg*min/mL),Drainer resistance max (mmHg*min/mL),Drainer radius min (cm),Drainer radius mean (cm),Drainer radius max (cm),Drainer length min (cm),Drainer length mean (cm),Drainer length max (cm),Feeder total flow (mL/min),Drainer total flow (mL/min),Mean rupture risk (%),Percent filled (%),Blood pressure hypotension,CVP pressure,Num columns,Num compartments,Num cross vessels,Min height,Max height,AF1,AF2,AF3,AF4,Fistula,Error
1100,1114,54.1552,1338,,0,1360,0.0328,6.6587,479.2357,0.0053,6.0929,63.3251,0.0,1.8977,136.9099,0.01,0.0169,1,0.05,0.1859,25,11,65.5593,73.6043,87.3924,7.4058,8.3146,9.8722,0.113,0.113,0.113,0.0265,0.0265,0.0265,0.05,0.05,0.05,1327,0.0328,3.3184,11.9033,0.0592,5.9978,21.5143,1.8074,1.8074,1.8074,0.0132,0.0132,0.0132,0.05,0.05,0.05,1338,0.0328,3.8963,87.3924,0.0592,6.0169,21.5143,0.113,1.7935,1.8074,0.0132,0.0134,0.0265,0.05,0.05,0.05,4,0.2287,117.6783,295.3482,2.4051,22.9026,53.8606,0.0081,36.8738,136.9099,0.0125,0.0781,0.15,3,3.9,5.2,3,110.5092,156.9043,246.6237,0.1576,0.2238,0.3517,0.0014,0.0014,0.0014,0.25,0.25,0.25,5,5.0,5,470.71304248569487,470.7130424857247,9.6108,0.0,normal,normal,10,5,90,17,34,1,1,1,1,2,[7.245276306491994e-10]
1100,1114,25.9577,1338,DV1,30,1360,0.0091,1.6169,92.5339,0.001,1.607,17.9772,0.0,1.8977,136.9099,0.01,0.0169,1,0.05,0.1859,25,11,18.2829,19.8023,23.4855,2.0653,2.2369,2.653,0.113,0.113,0.113,0.0265,0.0265,0.0265,0.05,0.05,0.05,1327,0.0091,0.8786,5.5678,0.0164,1.5879,10.0634,1.8074,1.8074,1.8074,0.0132,0.0132,0.0132,0.05,0.05,0.05,1338,0.0091,1.0341,23.4855,0.0164,1.5933,10.0634,0.113,1.7935,1.8074,0.0132,0.0134,0.0265,0.05,0.05,0.05,4,0.0155,22.5238,62.475,0.5087,3.6143,11.203,0.0081,36.8738,136.9099,0.0125,0.0781,0.15,3,3.9,5.2,3,36.2675,54.2101,80.9549,0.0517,0.0773,0.1155,0.0014,0.0014,0.0014,0.25,0.25,0.25,5,5.0,5,90.09533279142292,90.09533279142627,0.0832,99.9253,profound,elevated,10,5,90,17,34,1,1,1,1,2,[7.245276306491994e-10]
1169,1183,53.7379,1421,,0,1443,0.0046,6.6702,513.7123,0.0057,6.1185,62.9876,0.0,1.8925,136.9099,0.01,0.0167,1,0.05,0.1781,25,11,65.2096,73.112,93.1566,7.3663,8.259,10.5233,0.113,0.113,0.113,0.0265,0.0265,0.0265,0.05,0.05,0.05,1410,0.0046,3.335,11.7702,0.0082,6.0278,21.2738,1.8074,1.8074,1.8074,0.0132,0.0132,0.0132,0.05,0.05,0.05,1421,0.0046,3.8752,93.1566,0.0082,6.0451,21.2738,0.113,1.7943,1.8074,0.0132,0.0134,0.0265,0.05,0.05,0.05,4,0.2513,126.3095,328.333,2.6737,23.6977,53.6446,0.0081,36.8738,136.9099,0.0125,0.0781,0.15,3,3.9,5.2,3,128.8065,168.4127,247.1912,0.1837,0.2402,0.3525,0.0014,0.0014,0.0014,0.25,0.25,0.25,5,5.0,5,505.23804886797654,505.23804886812275,9.6726,0.0,normal,normal,10,5,94,18,36,1,1,1,1,2,[2.4418280449267663e-09]
1169,1183,17.7843,1421,DV1,30,1443,0.0016,1.628,96.8789,0.0011,1.6462,17.9109,0.0,1.8925,136.9099,0.01,0.0167,1,0.05,0.1781,25,11,17.8458,19.6882,22.6625,2.0159,2.2241,2.56,0.113,0.113,0.113,0.0265,0.0265,0.0265,0.05,0.05,0.05,1410,0.0016,0.8992,4.4672,0.003,1.6252,8.0741,1.8074,1.8074,1.8074,0.0132,0.0132,0.0132,0.05,0.05,0.05,1421,0.0016,1.0446,22.6625,0.003,1.6298,8.0741,0.113,1.7943,1.8074,0.0132,0.0134,0.0265,0.05,0.05,0.05,4,0.053,23.6165,70.2765,0.5457,5.105,12.0463,0.0081,36.8738,136.9099,0.0125,0.0781,0.15,3,3.9,5.2,3,43.6846,60.6117,88.6709,0.0623,0.0864,0.1265,0.0014,0.0014,0.0014,0.25,0.25,0.25,5,5.0,5,94.46594039991962,94.46594039994598,0.0748,75.0176,profound,elevated,10,5,94,18,36,1,1,1,1,2,[2.4418280449267663e-09]
1285,1299,59.7113,1535,,0,1557,0.0038,5.7466,451.4373,0.005,5.458,63.4555,0.0,1.8852,136.9099,0.01,0.0165,1,0.05,0.1687,25,12,61.7756,67.631,77.5004,6.9784,7.6399,8.7548,0.113,0.113,0.113,0.0265,0.0265,0.0265,0.05,0.05,0.05,1523,0.0038,2.9649,13.8258,0.0069,5.3588,24.989,1.8074,1.8074,1.8074,0.0132,0.0132,0.0132,0.05,0.05,0.05,1535,0.0038,3.4704,77.5004,0.0069,5.3767,24.989,0.113,1.7942,1.8074,0.0132,0.0134,0.0265,0.05,0.05,0.05,4,0.2496,110.7271,290.298,2.3639,25.5199,62.0657,0.0081,36.8738,136.9099,0.0125,0.0781,0.15,3,3.9,5.2,3,109.4711,147.6362,215.7102,0.1561,0.2106,0.3076,0.0014,0.0014,0.0014,0.25,0.25,0.25,5,5.0,5,442.9085608241659,442.90856082412165,7.8132,0.0,normal,normal,11,5,94,18,36,1,1,1,1,2,[1.6966982506404558e-09]
1285,1299,24.0397,1535,DV1,30,1557,0.001,1.3937,83.8875,0.0009,1.4284,18.0211,0.0,1.8852,136.9099,0.01,0.0165,1,0.05,0.1687,25,12,16.2867,18.2003,21.0476,1.8398,2.056,2.3776,0.113,0.113,0.113,0.0265,0.0265,0.0265,0.05,0.05,0.05,1523,0.001,0.7775,5.2873,0.0018,1.4053,9.5565,1.8074,1.8074,1.8074,0.0132,0.0132,0.0132,0.05,0.05,0.05,1535,0.001,0.9137,21.0476,0.0018,1.4104,9.5565,0.113,1.7942,1.8074,0.0132,0.0134,0.0265,0.05,0.05,0.05,4,0.0407,20.364,60.4054,0.4683,4.999,13.4677,0.0081,36.8738,136.9099,0.0125,0.0781,0.15,3,3.9,5.2,3,46.8816,58.4064,78.1761,0.0669,0.0833,0.1115,0.0014,0.0014,0.0014,0.25,0.25,0.25,5,5.0,5,81.45603717697662,81.45603717696613,0.2044,74.3322,profound,elevated,11,5,94,18,36,1,1,1,1,2,[1.6966982506404558e-09]
1054,1068,57.7012,1291,,0,1313,0.0166,6.8295,477.9451,0.0053,6.2007,63.2545,0.0,1.9009,136.9099,0.01,0.0171,1,0.05,0.1907,25,11,68.1754,73.4877,85.6154,7.7014,8.3015,9.6715,0.113,0.113,0.113,0.0265,0.0265,0.0265,0.05,0.05,0.05,1280,0.0166,3.38,13.0968,0.03,6.1091,23.6714,1.8074,1.8074,1.8074,0.0132,0.0132,0.0132,0.05,0.05,0.05,1291,0.0166,3.9774,85.6154,0.03,6.1278,23.6714,0.113,1.793,1.8074,0.0132,0.0134,0.0265,0.05,0.05,0.05,4,0.2264,117.3569,307.5985,2.5048,21.7891,49.9316,0.0081,36.8738,136.9099,0.0125,0.0781,0.15,3,3.9,5.2,3,111.7212,156.4759,228.0109,0.1593,0.2232,0.3252,0.0014,0.0014,0.0014,0.25,0.25,0.25,5,5.0,5,469.4277720776886,469.4277720776788,9.7115,0.0,normal,normal,10,5,90,16,32,1,1,1,1,2,[8.105447864930031e-10]
1054,1068,28.2278,1291,DV1,30,1313,0.0012,1.6439,87.2601,0.001,1.6408,18.0098,0.0,1.9009,136.9099,0.01,0.0171,1,0.05,0.1907,25,11,17.2226,19.8414,22.855,1.9455,2.2414,2.5818,0.113,0.113,0.113,0.0265,0.0265,0.0265,0.05,0.05,0.05,1280,0.0012,0.8983,5.919,0.0021,1.6235,10.6982,1.8074,1.8074,1.8074,0.0132,0.0132,0.0132,0.05,0.05,0.05,1291,0.0012,1.0597,22.855,0.0021,1.6288,10.6982,0.113,1.793,1.8074,0.0132,0.0134,0.0265,0.05,0.05,0.05,4,0.0091,21.2036,60.5189,0.4928,3.1123,10.1635,0.0081,36.8738,136.9099,0.0125,0.0781,0.15,3,3.9,5.2,3,44.9204,58.2184,81.205,0.0641,0.083,0.1158,0.0014,0.0014,0.0014,0.25,0.25,0.25,5,5.0,5,84.81444228606304,84.81444228605841,0.136,77.1495,profound,elevated,10,5,90,16,32,1,1,1,1,2,[8.105447864930031e-10]
1108,1122,58.4417,1346,,0,1368,0.0241,6.5789,478.7809,0.0053,6.0003,64.1903,0.0,1.8972,136.9099,0.01,0.0169,1,0.05,0.1851,25,11,68.6813,73.4863,80.6488,7.7585,8.3013,9.1104,0.113,0.113,0.113,0.0265,0.0265,0.0265,0.05,0.05,0.05,1335,0.0241,3.2604,13.3607,0.0435,5.8929,24.1485,1.8074,1.8074,1.8074,0.0132,0.0132,0.0132,0.05,0.05,0.05,1346,0.0241,3.8343,80.6488,0.0435,5.9126,24.1485,0.113,1.7936,1.8074,0.0132,0.0134,0.0265,0.05,0.05,0.05,4,0.2643,117.5708,306.8088,2.4984,26.6514,64.1903,0.0081,36.8738,136.9099,0.0125,0.0781,0.15,3,3.9,5.2,3,118.8771,156.7611,228.9786,0.1695,0.2236,0.3266,0.0014,0.0014,0.0014,0.25,0.25,0.25,5,5.0,5,470.28327929556986,470.2832792955752,9.7825,0.0,normal,normal,10,5,88,17,34,1,1,1,1,2,[6.132585669778046e-09]
1108,1122,20.4443,1346,DV1,30,1368,0.0057,1.5943,89.7031,0.001,1.5908,17.9673,0.0,1.8972,136.9099,0.01,0.0169,1,0.05,0.1851,25,11,18.8487,19.7715,23.179,2.1292,2.2335,2.6184,0.113,0.113,0.113,0.0265,0.0265,0.0265,0.05,0.05,0.05,1335,0.0057,0.8667,4.7991,0.0103,1.5665,8.6741,1.8074,1.8074,1.8074,0.0132,0.0132,0.0132,0.05,0.05,0.05,1346,0.0057,1.0212,23.179,0.0103,1.572,8.6741,0.113,1.7936,1.8074,0.0132,0.0134,0.0265,0.05,0.05,0.05,4,0.0458,21.82,65.4214,0.4861,5.3287,14.0277,0.0081,36.8738,136.9099,0.0125,0.0781,0.15,3,3.9,5.2,3,43.1778,57.8785,83.9319,0.0616,0.0825,0.1197,0.0014,0.0014,0.0014,0.25,0.25,0.25,5,5.0,5,87.28013110093181,87.28013110093201,0.1518,75.1857,profound,elevated,10,5,88,17,34,1,1,1,1,2,[6.132585669778046e-09]
1118,1132,56.8034,1361,,0,1383,0.0047,6.5525,480.4869,0.0054,5.9846,63.3181,0.0,1.8962,136.9099,0.01,0.0169,1,0.05,0.1836,25,11,67.1421,73.5989,81.4853,7.5846,8.314,9.2049,0.113,0.113,0.113,0.0265,0.0265,0.0265,0.05,0.05,0.05,1350,0.0047,3.2592,12.7838,0.0085,5.8907,23.1057,1.8074,1.8074,1.8074,0.0132,0.0132,0.0132,0.05,0.05,0.05,1361,0.0047,3.8277,81.4853,0.0085,5.9103,23.1057,0.113,1.7937,1.8074,0.0132,0.0134,0.0265,0.05,0.05,0.05,4,0.1936,117.9869,295.5583,2.4068,22.1602,55.6777,0.0081,36.8738,136.9099,0.0125,0.0781,0.15,3,3.9,5.2,3,112.0585,157.3159,245.1224,0.1598,0.2244,0.3496,0.0014,0.0014,0.0014,0.25,0.25,0.25,5,5.0,5,471.9475523425927,471.9475523425807,9.5961,0.0,normal,normal,10,5,91,17,34,1,1,1,1,2,[9.72067450838443e-10]
1118,1132,13.6637,1361,DV1,30,1383,0.0002,1.6071,92.4973,0.0004,1.6075,17.9754,0.0,1.8962,136.9099,0.01,0.0169,1,0.05,0.1836,25,11,17.3283,19.7947,24.3092,1.9575,2.2361,2.7461,0.113,0.113,0.113,0.0265,0.0265,0.0265,0.05,0.05,0.05,1350,0.0002,0.8776,3.9977,0.0004,1.5863,7.2255,1.8074,1.8074,1.8074,0.0132,0.0132,0.0132,0.05,0.05,0.05,1361,0.0002,1.0305,24.3092,0.0004,1.5915,7.2255,0.113,1.7937,1.8074,0.0132,0.0134,0.0265,0.05,0.05,0.05,4,0.0355,22.5172,62.7146,0.5107,4.461,11.8574,0.0081,36.8738,136.9099,0.0125,0.0781,0.15,3,3.9,5.2,3,38.7833,55.8784,84.9184,0.0553,0.0797,0.1211,0.0014,0.0014,0.0014,0.25,0.25,0.25,5,5.0,5,90.06880866327472,90.06880866327339,0.0693,75.2388,profound,elevated,10,5,91,17,34,1,1,1,1,2,[9.72067450838443e-10]
1192,1206,60.25,1444,,0,1466,0.0025,6.4852,500.3085,0.0045,6.001,63.1324,0.0,1.8912,136.9099,0.01,0.0167,1,0.05,0.1761,25,11,65.2078,73.352,99.8681,7.3661,8.2861,11.2815,0.113,0.113,0.113,0.0265,0.0265,0.0265,0.05,0.05,0.05,1433,0.0025,3.2723,14.0279,0.0045,5.9144,25.3544,1.8074,1.8074,1.8074,0.0132,0.0132,0.0132,0.05,0.05,0.05,1444,0.0025,3.8061,99.8681,0.0045,5.9325,25.3544,0.113,1.7945,1.8074,0.0132,0.0134,0.0265,0.05,0.05,0.05,4,0.2034,122.9487,313.524,2.5531,21.6895,52.2434,0.0081,36.8738,136.9099,0.0125,0.0781,0.15,3,3.9,5.2,3,125.7814,163.9315,225.6024,0.1794,0.2338,0.3217,0.0014,0.0014,0.0014,0.25,0.25,0.25,5,5.0,5,491.7946441855736,491.79464418553414,9.3424,0.0,normal,normal,10,5,88,18,36,1,1,1,1,2,[2.2211774412951967e-09]
1192,1206,19.1312,1444,DV1,30,1466,0.0001,1.5357,89.9086,0.0003,1.5673,17.9758,0.0,1.8912,136.9099,0.01,0.0167,1,0.05,0.1761,25,11,17.1044,19.7909,24.9385,1.9322,2.2357,2.8171,0.113,0.113,0.113,0.0265,0.0265,0.0265,0.05,0.05,0.05,1433,0.0001,0.8565,4.6323,0.0003,1.5481,8.3725,1.8074,1.8074,1.8074,0.0132,0.0132,0.0132,0.05,0.05,0.05,1444,0.0001,1.0007,24.9385,0.0003,1.5533,8.3725,0.113,1.7945,1.8074,0.0132,0.0134,0.0265,0.05,0.05,0.05,4,0.0257,21.8687,64.2401,0.5231,3.9041,11.0534,0.0081,36.8738,136.9099,0.0125,0.0781,0.15,3,3.9,5.2,3,42.2714,57.3392,79.7832,0.0603,0.0818,0.1138,0.0014,0.0014,0.0014,0.25,0.25,0.25,5,5.0,5,87.47484803882566,87.47484803881659,0.1124,76.1773,profound,elevated,10,5,88,18,36,1,1,1,1,2,[2.2211774412951967e-09]
993,1007,62.8807,1234,,0,1256,0.0052,7.6342,539.6892,0.006,6.6816,62.7129,0.0,1.9065,136.9099,0.01,0.0172,1,0.05,0.1971,25,10,70.6903,79.9799,92.1208,7.9855,9.0349,10.4063,0.113,0.113,0.113,0.0265,0.0265,0.0265,0.05,0.05,0.05,1224,0.0052,3.6458,15.0584,0.0094,6.5896,27.2169,1.8074,1.8074,1.8074,0.0132,0.0132,0.0132,0.05,0.05,0.05,1234,0.0052,4.2644,92.1208,0.0094,6.6094,27.2169,0.113,1.7937,1.8074,0.0132,0.0134,0.0265,0.05,0.05,0.05,4,0.2403,132.8099,356.5015,2.903,23.0482,52.3678,0.0081,36.8738,136.9099,0.0125,0.0781,0.15,3,3.9,5.2,3,143.255,177.0798,242.1711,0.2043,0.2525,0.3454,0.0014,0.0014,0.0014,0.25,0.25,0.25,5,5.0,5,531.2395088883645,531.2395088884011,11.814,0.0,normal,normal,9,5,92,17,34,1,1,1,1,2,[3.3848296721896626e-09]
993,1007,22.9691,1234,DV1,30,1256,0.0055,1.8054,99.4854,0.0011,1.7364,17.8938,0.0,1.9065,136.9099,0.01,0.0172,1,0.05,0.1971,25,10,18.2418,21.6411,26.6932,2.0607,2.4447,3.0154,0.113,0.113,0.113,0.0265,0.0265,0.0265,0.05,0.05,0.05,1224,0.0055,0.949,5.137,0.01,1.7153,9.2847,1.8074,1.8074,1.8074,0.0132,0.0132,0.0132,0.05,0.05,0.05,1234,0.0055,1.1167,26.6932,0.01,1.7212,9.2847,0.113,1.7937,1.8074,0.0132,0.0134,0.0265,0.05,0.05,0.05,4,0.0401,24.267,71.5475,0.5797,4.4374,11.0985,0.0081,36.8738,136.9099,0.0125,0.0781,0.15,3,3.9,5.2,3,45.5971,62.7541,81.8415,0.065,0.0895,0.1167,0.0014,0.0014,0.0014,0.25,0.25,0.25,5,5.0,5,97.0680586461263,97.0680586461371,0.1655,99.919,profound,elevated,9,5,92,17,34,1,1,1,1,2,[3.3848296721896626e-09]
1258,1272,60.6036,1516,,0,1538,0.0145,6.4384,523.2067,0.0058,5.9763,62.9256,0.0,1.8873,136.9099,0.01,0.0165,1,0.05,0.1702,25,11,64.2911,73.0373,81.8615,7.2626,8.2506,9.2474,0.113,0.113,0.113,0.0265,0.0265,0.0265,0.05,0.05,0.05,1505,0.0145,3.2588,14.1622,0.0262,5.8901,25.5971,1.8074,1.8074,1.8074,0.0132,0.0132,0.0132,0.05,0.05,0.05,1516,0.0145,3.7651,81.8615,0.0262,5.9072,25.5971,0.113,1.7951,1.8074,0.0132,0.0133,0.0265,0.05,0.05,0.05,4,0.226,128.6818,332.5032,2.7076,22.9654,54.0174,0.0081,36.8738,136.9099,0.0125,0.0781,0.15,3,3.9,5.2,3,134.1288,171.5757,244.4575,0.1913,0.2447,0.3486,0.0014,0.0014,0.0014,0.25,0.25,0.25,5,5.0,5,514.7271321157673,514.7271321150595,8.9722,0.0,normal,normal,10,5,87,19,38,1,1,1,1,2,[4.634996176714375e-09]
1258,1272,20.0811,1516,DV1,30,1538,0.0023,1.5247,97.9066,0.0011,1.5455,17.9021,0.0,1.8873,136.9099,0.01,0.0165,1,0.05,0.1702,25,11,17.6874,19.6859,22.944,1.998,2.2238,2.5918,0.113,0.113,0.113,0.0265,0.0265,0.0265,0.05,0.05,0.05,1505,0.0023,0.8444,4.7524,0.0042,1.5262,8.5896,1.8074,1.8074,1.8074,0.0132,0.0132,0.0132,0.05,0.05,0.05,1516,0.0023,0.9811,22.944,0.0042,1.5313,8.5896,0.113,1.7951,1.8074,0.0132,0.0133,0.0265,0.05,0.05,0.05,4,0.0259,23.8703,71.0964,0.5517,4.1002,11.7242,0.0081,36.8738,136.9099,0.0125,0.0781,0.15,3,3.9,5.2,3,35.9381,55.7858,79.7172,0.0513,0.0796,0.1137,0.0014,0.0014,0.0014,0.25,0.25,0.25,5,5.0,5,95.4811731805953,95.48117318047021,0.0669,72.6913,profound,elevated,10,5,87,19,38,1,1,1,1,2,[4.634996176714375e-09]
1084,1098,63.1993,1309,,0,1331,0.044,6.2866,426.2885,0.0047,5.8517,63.7872,0.0,1.8984,136.9099,0.01,0.017,1,0.05,0.1888,25,12,60.3431,68.1125,90.3253,6.8166,7.6943,10.2035,0.113,0.113,0.113,0.0265,0.0265,0.0265,0.05,0.05,0.05,1297,0.044,3.185,15.1882,0.0795,5.7566,27.4516,1.8074,1.8074,1.8074,0.0132,0.0132,0.0132,0.05,0.05,0.05,1309,0.044,3.7802,90.3253,0.0795,5.7744,27.4516,0.113,1.7919,1.8074,0.0132,0.0134,0.0265,0.05,0.05,0.05,4,0.2457,104.4306,254.2533,2.0704,21.5654,46.7828,0.0081,36.8738,136.9099,0.0125,0.0781,0.15,3,3.9,5.2,3,105.4207,139.2408,199.6798,0.1503,0.1986,0.2848,0.0014,0.0014,0.0014,0.25,0.25,0.25,5,5.0,5,417.72252906070344,417.722529060711,8.5037,0.0,normal,normal,11,5,88,15,30,1,1,1,1,2,[8.742937148795579e-10]
1084,1098,22.4467,1309,DV1,30,1331,0.0017,1.53,78.7736,0.0009,1.542,18.1029,0.0,1.8984,136.9099,0.01,0.017,1,0.05,0.1888,25,12,16.2071,18.3205,20.6288,1.8308,2.0696,2.3303,0.113,0.113,0.113,0.0265,0.0265,0.0265,0.05,0.05,0.05,1297,0.0017,0.8408,5.0652,0.003,1.5197,9.1549,1.8074,1.8074,1.8074,0.0132,0.0132,0.0132,0.05,0.05,0.05,1309,0.0017,1.0011,20.6288,0.003,1.5247,9.1549,0.113,1.7919,1.8074,0.0132,0.0134,0.0265,0.05,0.05,0.05,4,0.0511,19.0847,50.9164,0.4146,4.3169,9.2714,0.0081,36.8738,136.9099,0.0125,0.0781,0.15,3,3.9,5.2,3,46.7225,56.5946,76.2395,0.0666,0.0807,0.1087,0.0014,0.0014,0.0014,0.25,0.25,0.25,5,5.0,5,76.3387810464352,76.33878104643681,0.1745,76.4706,profound,elevated,11,5,88,15,30,1,1,1,1,2,[8.742937148795579e-10]
980,994,67.5807,1219,,0,1241,0.0206,7.5558,525.8075,0.0059,6.6041,62.9319,0.0,1.9077,136.9099,0.01,0.0173,1,0.05,0.1989,25,10,74.5319,80.3608,90.0665,8.4194,9.0779,10.1743,0.113,0.113,0.113,0.0265,0.0265,0.0265,0.05,0.05,0.05,1209,0.0206,3.6046,17.0915,0.0372,6.515,30.8916,1.8074,1.8074,1.8074,0.0132,0.0132,0.0132,0.05,0.05,0.05,1219,0.0206,4.2343,90.0665,0.0372,6.5361,30.8916,0.113,1.7935,1.8074,0.0132,0.0134,0.0265,0.05,0.05,0.05,4,0.1704,129.325,330.0659,2.6878,20.9016,53.2725,0.0081,36.8738,136.9099,0.0125,0.0781,0.15,3,3.9,5.2,3,134.4203,172.4333,247.1664,0.1917,0.2459,0.3525,0.0014,0.0014,0.0014,0.25,0.25,0.25,5,5.0,5,517.2999816280171,517.2999816279679,11.6125,0.0,normal,normal,9,5,92,17,34,1,1,1,1,2,[6.880832258344747e-10]
980,994,28.718,1219,DV1,30,1241,0.0014,1.8088,98.5068,0.0011,1.7421,17.8943,0.0,1.9077,136.9099,0.01,0.0173,1,0.05,0.1989,25,10,19.2989,21.6287,27.0078,2.1801,2.4433,3.0509,0.113,0.113,0.113,0.0265,0.0265,0.0265,0.05,0.05,0.05,1209,0.0014,0.9535,5.9977,0.0025,1.7234,10.8404,1.8074,1.8074,1.8074,0.0132,0.0132,0.0132,0.05,0.05,0.05,1219,0.0014,1.1231,27.0078,0.0025,1.7293,10.8404,0.113,1.7935,1.8074,0.0132,0.0134,0.0265,0.05,0.05,0.05,4,0.0185,24.0196,72.0365,0.545,3.7104,11.1756,0.0081,36.8738,136.9099,0.0125,0.0781,0.15,3,3.9,5.2,3,42.5876,60.4179,89.2226,0.0607,0.0862,0.1272,0.0014,0.0014,0.0014,0.25,0.25,0.25,5,5.0,5,96.0784960302164,96.07849603020875,0.1752,99.918,profound,elevated,9,5,92,17,34,1,1,1,1,2,[6.880832258344747e-10]
1190,1204,62.9281,1445,,0,1467,0.073,6.7305,528.9528,0.0059,6.1784,62.8793,0.0,1.8911,136.9099,0.01,0.0167,1,0.05,0.176,25,11,62.6376,72.9654,82.6804,7.0758,8.2425,9.3399,0.113,0.113,0.113,0.0265,0.0265,0.0265,0.05,0.05,0.05,1434,0.073,3.3686,15.0777,0.1319,6.0885,27.2517,1.8074,1.8074,1.8074,0.0132,0.0132,0.0132,0.05,0.05,0.05,1445,0.073,3.8984,82.6804,0.1319,6.1049,27.2517,0.113,1.7945,1.8074,0.0132,0.0134,0.0265,0.05,0.05,0.05,4,0.2913,130.1278,336.7336,2.7421,24.4194,50.812,0.0081,36.8738,136.9099,0.0125,0.0781,0.15,3,3.9,5.2,3,128.7892,173.5037,249.9959,0.1837,0.2474,0.3565,0.0014,0.0014,0.0014,0.25,0.25,0.25,5,5.0,5,520.5111471276099,520.5111471276109,9.5201,0.0,normal,normal,10,5,94,18,36,1,1,1,1,2,[1.3747315959211637e-09]
1190,1204,25.4572,1445,DV1,30,1467,0.0015,1.6016,101.0679,0.0011,1.5888,17.8875,0.0,1.8911,136.9099,0.01,0.0167,1,0.05,0.176,25,11,16.3874,19.6665,22.973,1.8512,2.2216,2.5951,0.113,0.113,0.113,0.0265,0.0265,0.0265,0.05,0.05,0.05,1434,0.0015,0.8687,5.4932,0.0028,1.57,9.9285,1.8074,1.8074,1.8074,0.0132,0.0132,0.0132,0.05,0.05,0.05,1445,0.0015,1.0118,22.973,0.0028,1.575,9.9285,0.113,1.7945,1.8074,0.0132,0.0134,0.0265,0.05,0.05,0.05,4,0.0258,24.6611,71.6369,0.5833,3.897,10.8593,0.0081,36.8738,136.9099,0.0125,0.0781,0.15,3,3.9,5.2,3,38.3026,58.4165,83.1269,0.0546,0.0833,0.1186,0.0014,0.0014,0.0014,0.25,0.25,0.25,5,5.0,5,98.6442777900003,98.64427778999652,0.0987,73.7716,profound,elevated,10,5,94,18,36,1,1,1,1,2,[1.3747315959211637e-09]
1179,1193,58.0508,1432,,0,1454,0.0113,6.6754,518.518,0.0058,6.1293,62.8668,0.0,1.8919,136.9099,0.01,0.0167,1,0.05,0.1771,25,11,66.7034,72.9052,90.3491,7.5351,8.2357,10.2062,0.113,0.113,0.113,0.0265,0.0265,0.0265,0.05,0.05,0.05,1421,0.0113,3.3408,13.2208,0.0205,6.0382,23.8955,1.8074,1.8074,1.8074,0.0132,0.0132,0.0132,0.05,0.05,0.05,1432,0.0113,3.8752,90.3491,0.0205,6.0551,23.8955,0.113,1.7944,1.8074,0.0132,0.0134,0.0265,0.05,0.05,0.05,4,0.2515,127.514,344.2637,2.8034,24.3944,56.5334,0.0081,36.8738,136.9099,0.0125,0.0781,0.15,3,3.9,5.2,3,126.9709,170.0187,250.493,0.1811,0.2425,0.3572,0.0014,0.0014,0.0014,0.25,0.25,0.25,5,5.0,5,510.056164622923,510.0561646229827,9.9616,0.0,normal,normal,10,5,91,18,36,1,1,1,1,2,[1.9092302417274863e-09]
1179,1193,23.5878,1432,DV1,30,1454,0.0012,1.5958,98.8577,0.0011,1.5791,17.8936,0.0,1.8919,136.9099,0.01,0.0167,1,0.05,0.1771,25,11,17.3904,19.6643,23.0995,1.9645,2.2214,2.6094,0.113,0.113,0.113,0.0265,0.0265,0.0265,0.05,0.05,0.05,1421,0.0012,0.8633,5.2234,0.0022,1.5604,9.4408,1.8074,1.8074,1.8074,0.0132,0.0132,0.0132,0.05,0.05,0.05,1432,0.0012,1.0077,23.0995,0.0022,1.5655,9.4408,0.113,1.7944,1.8074,0.0132,0.0134,0.0265,0.05,0.05,0.05,4,0.0083,24.1061,71.7801,0.5559,3.7671,12.7891,0.0081,36.8738,136.9099,0.0125,0.0781,0.15,3,3.9,5.2,3,41.9225,60.0898,88.6197,0.0598,0.0857,0.1264,0.0014,0.0014,0.0014,0.25,0.25,0.25,5,5.0,5,96.4244253044516,96.42442530446058,0.142,99.9302,profound,elevated,10,5,91,18,36,1,1,1,1,2,[1.9092302417274863e-09]
1186,1200,55.0512,1415,,0,1437,0.0065,6.2239,455.6614,0.0051,5.852,63.5156,0.0,1.8917,136.9099,0.01,0.0167,1,0.05,0.1786,25,12,60.1129,67.7519,88.0257,6.7906,7.6535,9.9437,0.113,0.113,0.113,0.0265,0.0265,0.0265,0.05,0.05,0.05,1403,0.0065,3.1907,12.1942,0.0118,5.767,22.0401,1.8074,1.8074,1.8074,0.0132,0.0132,0.0132,0.05,0.05,0.05,1415,0.0065,3.7382,88.0257,0.0118,5.783,22.0401,0.113,1.7931,1.8074,0.0132,0.0134,0.0265,0.05,0.05,0.05,4,0.2166,111.7778,279.8256,2.2787,20.6385,46.7655,0.0081,36.8738,136.9099,0.0125,0.0781,0.15,3,3.9,5.2,3,116.4543,149.037,203.3103,0.1661,0.2125,0.2899,0.0014,0.0014,0.0014,0.25,0.25,0.25,5,5.0,5,447.11109434728155,447.11109434738,8.6716,0.0,normal,normal,11,5,83,17,34,1,1,1,1,2,[2.344955583094718e-09]
1186,1200,25.5171,1415,DV1,30,1437,0.0005,1.4953,85.3943,0.0009,1.5225,18.0279,0.0,1.8917,136.9099,0.01,0.0167,1,0.05,0.1786,25,12,14.8827,18.2262,21.4669,1.6812,2.0589,2.425,0.113,0.113,0.113,0.0265,0.0265,0.0265,0.05,0.05,0.05,1403,0.0005,0.8316,5.5021,0.0009,1.503,9.9446,1.8074,1.8074,1.8074,0.0132,0.0132,0.0132,0.05,0.05,0.05,1415,0.0005,0.9791,21.4669,0.0009,1.5077,9.9446,0.113,1.7931,1.8074,0.0132,0.0134,0.0265,0.05,0.05,0.05,4,0.0351,20.7399,58.8439,0.4792,3.7929,9.3414,0.0081,36.8738,136.9099,0.0125,0.0781,0.15,3,3.9,5.2,3,38.8185,53.5322,67.3099,0.0554,0.0763,0.096,0.0014,0.0014,0.0014,0.25,0.25,0.25,5,5.0,5,82.95962956965685,82.95962956967598,0.107,76.1131,profound,elevated,11,5,83,17,34,1,1,1,1,2,[2.344955583094718e-09]
1227,1241,55.551,1463,,0,1485,0.006,6.2055,467.2927,0.0052,5.8827,63.2753,0.0,1.889,136.9099,0.01,0.0166,1,0.05,0.1744,25,12,60.4305,67.3686,79.3775,6.8265,7.6102,8.9668,0.113,0.113,0.113,0.0265,0.0265,0.0265,0.05,0.05,0.05,1451,0.006,3.2114,12.3595,0.0109,5.8043,22.3389,1.8074,1.8074,1.8074,0.0132,0.0132,0.0132,0.05,0.05,0.05,1463,0.006,3.7376,79.3775,0.0109,5.8191,22.3389,0.113,1.7935,1.8074,0.0132,0.0134,0.0265,0.05,0.05,0.05,4,0.2022,114.6899,310.9042,2.5317,19.9254,46.0836,0.0081,36.8738,136.9099,0.0125,0.0781,0.15,3,3.9,5.2,3,117.2043,152.9199,219.362,0.1672,0.2181,0.3128,0.0014,0.0014,0.0014,0.25,0.25,0.25,5,5.0,5,458.75970707685036,458.7597070769128,8.2183,0.0,normal,normal,11,5,84,17,34,1,1,1,1,2,[1.9917476279385227e-09]
1227,1241,19.0468,1463,DV1,30,1485,0.0023,1.4795,88.2463,0.001,1.5127,17.9738,0.0,1.889,136.9099,0.01,0.0166,1,0.05,0.1744,25,12,16.013,18.1356,21.5357,1.8089,2.0487,2.4328,0.113,0.113,0.113,0.0265,0.0265,0.0265,0.05,0.05,0.05,1451,0.0023,0.8261,4.6218,0.0041,1.4932,8.3535,1.8074,1.8074,1.8074,0.0132,0.0132,0.0132,0.05,0.05,0.05,1463,0.0023,0.9681,21.5357,0.0041,1.4977,8.3535,0.113,1.7935,1.8074,0.0132,0.0134,0.0265,0.05,0.05,0.05,4,0.0366,21.4545,65.606,0.4557,4.071,10.2799,0.0081,36.8738,136.9099,0.0125,0.0781,0.15,3,3.9,5.2,3,36.1516,52.707,76.3318,0.0516,0.0752,0.1089,0.0014,0.0014,0.0014,0.25,0.25,0.25,5,5.0,5,85.81793846748738,85.81793846750101,0.0735,70.8134,profound,elevated,11,5,84,17,34,1,1,1,1,2,[1.9917476279385227e-09]
1278,1292,62.0803,1524,,0,1546,0.0076,5.9426,466.9142,0.0052,5.6277,63.3977,0.0,1.8858,136.9099,0.01,0.0165,1,0.05,0.1695,25,12,62.6993,67.5787,72.1135,7.0828,7.634,8.1462,0.113,0.113,0.113,0.0265,0.0265,0.0265,0.05,0.05,0.05,1512,0.0076,3.0637,14.7371,0.0138,5.5374,26.6362,1.8074,1.8074,1.8074,0.0132,0.0132,0.0132,0.05,0.05,0.05,1524,0.0076,3.5717,72.1135,0.0138,5.5539,26.6362,0.113,1.7941,1.8074,0.0132,0.0134,0.0265,0.05,0.05,0.05,4,0.2373,114.5968,291.1146,2.3706,23.1713,53.9899,0.0081,36.8738,136.9099,0.0125,0.0781,0.15,3,3.9,5.2,3,112.9971,152.7957,219.6243,0.1612,0.2179,0.3132,0.0014,0.0014,0.0014,0.25,0.25,0.25,5,5.0,5,458.38705954611646,458.3870595460643,7.6633,0.0,normal,normal,11,5,91,18,36,1,1,1,1,2,[1.0195636350114861e-09]
1278,1292,23.5385,1524,DV1,30,1546,0.0009,1.4524,85.5371,0.001,1.5036,18.0114,0.0,1.8858,136.9099,0.01,0.0165,1,0.05,0.1695,25,12,16.5561,18.1826,22.2844,1.8702,2.054,2.5173,0.113,0.113,0.113,0.0265,0.0265,0.0265,0.05,0.05,0.05,1512,0.0009,0.8225,5.2164,0.0016,1.4866,9.4283,1.8074,1.8074,1.8074,0.0132,0.0132,0.0132,0.05,0.05,0.05,1524,0.0009,0.9592,22.2844,0.0016,1.491,9.4283,0.113,1.7941,1.8074,0.0132,0.0134,0.0265,0.05,0.05,0.05,4,0.0066,20.7725,61.172,0.4945,3.3091,11.3422,0.0081,36.8738,136.9099,0.0125,0.0781,0.15,3,3.9,5.2,3,47.7897,59.9768,83.7203,0.0682,0.0855,0.1194,0.0014,0.0014,0.0014,0.25,0.25,0.25,5,5.0,5,83.08980561944699,83.08980561943429,0.1357,72.769,profound,elevated,11,5,91,18,36,1,1,1,1,2,[1.0195636350114861e-09]
1116,1130,57.0199,1348,,0,1370,0.0179,6.2722,437.698,0.0049,5.8631,63.65,0.0,1.8958,136.9099,0.01,0.0169,1,0.05,0.1849,25,12,60.3486,67.8967,79.9656,6.8172,7.6699,9.0332,0.113,0.113,0.113,0.0265,0.0265,0.0265,0.05,0.05,0.05,1336,0.0179,3.1944,12.8586,0.0324,5.7737,23.2409,1.8074,1.8074,1.8074,0.0132,0.0132,0.0132,0.05,0.05,0.05,1348,0.0179,3.7704,79.9656,0.0324,5.7906,23.2409,0.113,1.7923,1.8074,0.0132,0.0134,0.0265,0.05,0.05,0.05,4,0.2193,107.2834,269.1052,2.1914,20.8546,47.5124,0.0081,36.8738,136.9099,0.0125,0.0781,0.15,3,3.9,5.2,3,99.7517,143.0445,222.4367,0.1423,0.204,0.3172,0.0014,0.0014,0.0014,0.25,0.25,0.25,5,5.0,5,429.1336050678497,429.1336050678947,8.6568,0.0,normal,normal,11,5,94,16,32,1,1,1,1,2,[7.750481876873262e-10]
1116,1130,20.708,1348,DV1,30,1370,0.0001,1.5491,83.5358,0.0001,1.5735,18.0584,0.0,1.8958,136.9099,0.01,0.0169,1,0.05,0.1849,25,12,15.683,18.2569,22.7973,1.7716,2.0624,2.5753,0.113,0.113,0.113,0.0265,0.0265,0.0265,0.05,0.05,0.05,1336,0.0001,0.8589,4.8333,0.0001,1.5524,8.7359,1.8074,1.8074,1.8074,0.0132,0.0132,0.0132,0.05,0.05,0.05,1348,0.0001,1.0138,22.7973,0.0001,1.5569,8.7359,0.113,1.7923,1.8074,0.0132,0.0134,0.0265,0.05,0.05,0.05,4,0.0474,20.276,55.0616,0.4484,4.4014,10.0714,0.0081,36.8738,136.9099,0.0125,0.0781,0.15,3,3.9,5.2,3,42.174,55.3297,81.3725,0.0601,0.0789,0.116,0.0014,0.0014,0.0014,0.25,0.25,0.25,5,5.0,5,81.10406545605048,81.10406545606023,0.1456,86.4985,profound,elevated,11,5,94,16,32,1,1,1,1,2,[7.750481876873262e-10]
1047,1061,60.0609,1283,,0,1305,0.013,6.8062,476.0311,0.0053,6.1469,63.2146,0.0,1.9015,136.9099,0.01,0.0171,1,0.05,0.1916,25,11,68.8176,73.4029,83.5028,7.7739,8.2919,9.4328,0.113,0.113,0.113,0.0265,0.0265,0.0265,0.05,0.05,0.05,1272,0.013,3.3472,13.9566,0.0235,6.0498,25.2255,1.8074,1.8074,1.8074,0.0132,0.0132,0.0132,0.05,0.05,0.05,1283,0.013,3.9478,83.5028,0.0235,6.069,25.2255,0.113,1.7929,1.8074,0.0132,0.0134,0.0265,0.05,0.05,0.05,4,0.2398,116.881,314.6585,2.5623,23.0809,53.4354,0.0081,36.8738,136.9099,0.0125,0.0781,0.15,3,3.9,5.2,3,112.9964,155.8413,233.2155,0.1611,0.2223,0.3326,0.0014,0.0014,0.0014,0.25,0.25,0.25,5,5.0,5,467.5239155184542,467.5239155183957,9.9892,0.0,normal,normal,10,5,94,16,32,1,1,1,1,2,[7.958590186936262e-10]
1047,1061,20.255,1283,DV1,30,1305,0.003,1.6788,91.8574,0.001,1.6621,17.9677,0.0,1.9015,136.9099,0.01,0.0171,1,0.05,0.1916,25,11,16.6929,19.7812,24.2477,1.8857,2.2346,2.7391,0.113,0.113,0.113,0.0265,0.0265,0.0265,0.05,0.05,0.05,1272,0.003,0.9077,4.7747,0.0055,1.6406,8.6299,1.8074,1.8074,1.8074,0.0132,0.0132,0.0132,0.05,0.05,0.05,1283,0.003,1.0695,24.2477,0.0055,1.6457,8.6299,0.113,1.7929,1.8074,0.0132,0.0134,0.0265,0.05,0.05,0.05,4,0.045,22.3586,64.3537,0.524,4.6255,11.252,0.0081,36.8738,136.9099,0.0125,0.0781,0.15,3,3.9,5.2,3,40.657,56.9161,81.8572,0.058,0.0812,0.1167,0.0014,0.0014,0.0014,0.25,0.25,0.25,5,5.0,5,89.43434019647705,89.43434019646466,0.147,60.2494,profound,elevated,10,5,94,16,32,1,1,1,1,2,[7.958590186936262e-10]
1208,1222,54.2259,1450,,0,1472,0.0433,6.1642,460.091,0.0051,5.8359,63.3835,0.0,1.8897,136.9099,0.01,0.0167,1,0.05,0.1755,25,12,60.7012,67.532,79.645,6.857,7.6287,8.997,0.113,0.113,0.113,0.0265,0.0265,0.0265,0.05,0.05,0.05,1438,0.0433,3.1806,11.926,0.0783,5.7488,21.5554,1.8074,1.8074,1.8074,0.0132,0.0132,0.0132,0.05,0.05,0.05,1450,0.0433,3.7132,79.645,0.0783,5.7643,21.5554,0.113,1.7934,1.8074,0.0132,0.0134,0.0265,0.05,0.05,0.05,4,0.2551,112.8933,297.8879,2.4257,22.2932,48.2883,0.0081,36.8738,136.9099,0.0125,0.0781,0.15,3,3.9,5.2,3,116.7422,150.5244,215.2621,0.1665,0.2147,0.307,0.0014,0.0014,0.0014,0.25,0.25,0.25,5,5.0,5,451.5731196027509,451.57311960281686,8.5518,0.0,normal,normal,11,5,92,17,34,1,1,1,1,2,[7.980119877974491e-10]
1208,1222,23.9316,1450,DV1,30,1472,0.0004,1.4529,85.6131,0.0007,1.4845,17.9988,0.0,1.8897,136.9099,0.01,0.0167,1,0.05,0.1755,25,12,17.0231,18.1726,20.0214,1.923,2.0529,2.2617,0.113,0.113,0.113,0.0265,0.0265,0.0265,0.05,0.05,0.05,1438,0.0004,0.809,5.272,0.0007,1.4623,9.5287,1.8074,1.8074,1.8074,0.0132,0.0132,0.0132,0.05,0.05,0.05,1450,0.0004,0.9527,20.0214,0.0007,1.4672,9.5287,0.113,1.7934,1.8074,0.0132,0.0134,0.0265,0.05,0.05,0.05,4,0.0559,20.7979,63.2083,0.4499,4.7113,10.2231,0.0081,36.8738,136.9099,0.0125,0.0781,0.15,3,3.9,5.2,3,34.9374,51.0221,72.6363,0.0498,0.0728,0.1036,0.0014,0.0014,0.0014,0.25,0.25,0.25,5,5.0,5,83.19155651403376,83.19155651404498,0.1144,74.6207,profound,elevated,11,5,92,17,34,1,1,1,1,2,[7.980119877974491e-10]
1049,1063,66.3043,1297,,0,1319,0.015,7.5264,557.2668,0.0062,6.6321,62.6767,0.0,1.9018,136.9099,0.01,0.017,1,0.05,0.1901,25,10,75.2499,79.9564,90.6331,8.5005,9.0322,10.2383,0.113,0.113,0.113,0.0265,0.0265,0.0265,0.05,0.05,0.05,1287,0.015,3.6215,16.5137,0.0272,6.5456,29.8472,1.8074,1.8074,1.8074,0.0132,0.0132,0.0132,0.05,0.05,0.05,1297,0.015,4.2101,90.6331,0.0272,6.5648,29.8472,0.113,1.7944,1.8074,0.0132,0.0134,0.0265,0.05,0.05,0.05,4,0.1976,137.2005,351.8212,2.8649,22.0092,53.5692,0.0081,36.8738,136.9099,0.0125,0.0781,0.15,3,3.9,5.2,3,138.6249,182.9339,261.7273,0.1977,0.2609,0.3733,0.0014,0.0014,0.0014,0.25,0.25,0.25,5,5.0,5,548.8018423421934,548.8018423420915,11.5387,0.0,normal,normal,9,5,92,18,36,1,1,1,1,2,[9.816557886110882e-10]
1049,1063,18.9056,1297,DV1,30,1319,0.0017,1.8393,105.5662,0.0012,1.7945,17.8543,0.0,1.9018,136.9099,0.01,0.017,1,0.05,0.1901,25,10,19.4532,21.5703,26.5549,2.1975,2.4367,2.9998,0.113,0.113,0.113,0.0265,0.0265,0.0265,0.05,0.05,0.05,1287,0.0017,0.9828,4.6042,0.0032,1.7764,8.3218,1.8074,1.8074,1.8074,0.0132,0.0132,0.0132,0.05,0.05,0.05,1297,0.0017,1.1416,26.5549,0.0032,1.7815,8.3218,0.113,1.7944,1.8074,0.0132,0.0134,0.0265,0.05,0.05,0.05,4,0.0359,25.7879,74.2377,0.6045,4.2384,10.7672,0.0081,36.8738,136.9099,0.0125,0.0781,0.15,3,3.9,5.2,3,49.2238,67.1997,94.5079,0.0702,0.0958,0.1348,0.0014,0.0014,0.0014,0.25,0.25,0.25,5,5.0,5,103.1514024252486,103.15140242522739,0.1815,73.9399,profound,elevated,9,5,92,18,36,1,1,1,1,2,[9.816557886110882e-10]
